{"step": [1, 100, 200, 300, 400, 500, 600, 700, 800, 900, 1000, 1100, 1200, 1300, 1400, 1500, 1600, 1700, 1800, 1900, 2000, 2100, 2200, 2300, 2400, 2500, 2600, 2700, 2800, 2900, 3000, 3100, 3200, 3300, 3400, 3500, 3600, 3700, 3800, 3900, 4000, 4100, 4200, 4300, 4400, 4500, 4600, 4700, 4800, 4900, 5000, 5100, 5200, 5300, 5400, 5500, 5600, 5700, 5800, 5900, 6000, 6100, 6200, 6300, 6400, 6500, 6600, 6700, 6800, 6900, 7000, 7100, 7200, 7300, 7400, 7500, 7600, 7700, 7800, 7900, 8000, 8100, 8200, 8300, 8400, 8500, 8600, 8700, 8800, 8900, 9000, 9100, 9200, 9300, 9400, 9500, 9600, 9700, 9800, 9900, 10000], "train_loss": [5.069028555941419, 4.213937876175861, 2.700443754390794, 1.2657710646285492, 0.5267486004602342, 0.2222963214731541, 0.11716078840145448, 0.06293918912102577, 0.05935011935882828, 0.023024404839593535, 0.012215297289040625, 0.007172247787722114, 0.007218173495968994, 0.017479842363977108, 0.018208077874313406, 0.06947187136630623, 0.024873070570887352, 0.24853620723802217, 0.03085051517502791, 0.024731501024596547, 0.03182131052017212, 0.02323210872963172, 0.03061650794785039, 0.026495641186123804, 0.03687923173515164, 0.030465514582841576, 0.05197374178033297, 0.03249823073951565, 0.04294856156216187, 0.02985860944605198, 0.05079846864654904, 0.03543184388454269, 0.03793132335555797, 0.02936881071045285, 0.034441063091868444, 0.028873284860533113, 0.03865620321562501, 0.030664896681195215, 0.038299575245299304, 0.031675104381275826, 0.035696781816936675, 0.030706314914891508, 0.0335422640755063, 0.029335332971040896, 0.03144120516217485, 0.028940387931810755, 0.030486174181205073, 0.02809754652636392, 0.028245352309982794, 0.025933050987671832, 0.03162097469681785, 1.916017668587821, 0.03179193120829913, 0.1224100188333161, 0.031080714192520193, 0.11830151689295866, 0.028037486331803457, 0.08311754505650527, 0.03260548179652415, 0.06520282918093157, 0.032059612829668994, 0.06095139003124367, 0.029052546285853093, 0.03730604250212105, 0.02915855035895393, 0.035697498390463746, 0.02941841981848892, 0.033057065845346775, 0.028512981473183145, 0.03139995241246256, 0.028956628829038062, 0.04397985754775352, 0.03155934557217319, 0.11792625436166516, 0.030117808201280582, 0.08424026970149709, 0.030443855390256763, 0.05882155226201427, 0.027025405494939713, 0.03483051294777669, 0.02863889745100826, 0.0367074428366966, 0.0280000867486811, 0.037893353270835615, 0.02809286963980214, 0.03642945407199211, 0.029418096351785723, 0.03559525675919591, 0.02831893941374863, 0.03948569997232788, 0.030896691339356557, 0.04333151805968512, 0.029850187603713704, 0.0432488658801228, 0.03054501628186427, 0.04113884918949231, 0.029382221350053542, 0.04179901087365183, 0.02976472371694993, 0.03236835252265541, 0.02944101798696583], "val_loss": [5.089618698266056, 5.074968321391804, 5.039490420658708, 4.202939598415914, 3.3826258530652233, 2.8275739193469382, 2.4711705758138365, 2.0401661109721623, 1.6877203038344348, 1.035267650511009, 0.5433346155472694, 0.1294723397233661, 0.0795793332658336, 0.0576215567674951, 0.04802577660263661, 0.10599143771132044, 0.03807133939136988, 0.3182422269036742, 0.039229628180849435, 0.030105219535949253, 0.03775557093361866, 0.02663121208247672, 0.03554236111048051, 0.029432980844495655, 0.04232175261510673, 0.03304188775965562, 0.05982792628305498, 0.03541341978229194, 0.048676154514681644, 0.03216015149885739, 0.057310967947040686, 0.037771636393321054, 0.041472045622773936, 0.031079380773205812, 0.037545233857238965, 0.030495880666118625, 0.042905946036327657, 0.03234969138085652, 0.04205469593611585, 0.033690880360942844, 0.03883385774813094, 0.03235864973726992, 0.03648751093654653, 0.031149245372614116, 0.0342683630972689, 0.03082129005164573, 0.033253558358527904, 0.02977295535023737, 0.030518899384517854, 0.027308597625505405, 0.033982280666339154, 2.0005086025193446, 0.03384682668509569, 0.13129315107712458, 0.03306906418389899, 0.13246159548460487, 0.02992511895207112, 0.09526614676626531, 0.03478461477378983, 0.07361241299084978, 0.034175229351274775, 0.06841203799029846, 0.030897203439353756, 0.04166207298335563, 0.031008497840159757, 0.03998603628241674, 0.03133625340639088, 0.03670368959749163, 0.030489088396970322, 0.03428176764347348, 0.030531137225225047, 0.04938303575505612, 0.03358406154052864, 0.1366106043459885, 0.03219570637256002, 0.09382048271414324, 0.03257008587009215, 0.06784814820406161, 0.0287958679746492, 0.03834301769163353, 0.03046011575096852, 0.04103767261241625, 0.02964991428646854, 0.04187609574239895, 0.029622669909129613, 0.04043448054955186, 0.03133865659472539, 0.039609977466773784, 0.029901971523110596, 0.04346760061671453, 0.0327627932987355, 0.04782638286302751, 0.03142034244841394, 0.047668851777420286, 0.03232113836168863, 0.04523546520885828, 0.031034491394075398, 0.046663442808307316, 0.03168578887720544, 0.03530845783975502, 0.030851440196589634], "train_acc": [0.9778911564625851, 7.695578231292517, 45.9608843537415, 83.3545918367347, 98.23554421768708, 99.97874149659864, 100.0, 100.0, 100.0, 100.0, 100.0, 100.0, 100.0, 100.0, 100.0, 100.0, 100.0, 99.38350340136054, 100.0, 100.0, 100.0, 100.0, 100.0, 100.0, 100.0, 100.0, 100.0, 100.0, 100.0, 100.0, 100.0, 100.0, 100.0, 100.0, 100.0, 100.0, 100.0, 100.0, 100.0, 100.0, 100.0, 100.0, 100.0, 100.0, 100.0, 100.0, 100.0, 100.0, 100.0, 100.0, 100.0, 54.6343537414966, 100.0, 99.97874149659864, 100.0, 100.0, 100.0, 99.95748299319727, 100.0, 100.0, 100.0, 100.0, 100.0, 100.0, 100.0, 100.0, 100.0, 100.0, 100.0, 100.0, 100.0, 100.0, 100.0, 99.91496598639455, 100.0, 100.0, 100.0, 100.0, 100.0, 100.0, 100.0, 100.0, 100.0, 100.0, 100.0, 100.0, 100.0, 100.0, 100.0, 100.0, 100.0, 100.0, 100.0, 100.0, 100.0, 100.0, 100.0, 100.0, 100.0, 100.0, 100.0], "val_acc": [1.3602550478214666, 0.46758767268862916, 3.1243358129649312, 15.132837407013817, 33.36875664187035, 44.22954303931987, 48.09776833156217, 52.0510095642933, 55.98299681190223, 68.43783209351754, 85.16471838469714, 98.83103081827844, 99.7662061636557, 99.95749202975558, 100.0, 99.93623804463337, 100.0, 98.63974495217853, 100.0, 100.0, 100.0, 100.0, 100.0, 100.0, 100.0, 100.0, 100.0, 100.0, 100.0, 100.0, 100.0, 100.0, 100.0, 100.0, 100.0, 100.0, 100.0, 100.0, 100.0, 100.0, 100.0, 100.0, 100.0, 100.0, 100.0, 100.0, 100.0, 100.0, 100.0, 100.0, 100.0, 52.81615302869288, 100.0, 99.9787460148778, 100.0, 99.9787460148778, 100.0, 100.0, 100.0, 100.0, 100.0, 100.0, 100.0, 100.0, 100.0, 100.0, 100.0, 100.0, 100.0, 100.0, 100.0, 100.0, 100.0, 99.85122210414453, 100.0, 100.0, 100.0, 100.0, 100.0, 100.0, 100.0, 100.0, 100.0, 100.0, 100.0, 100.0, 100.0, 100.0, 100.0, 100.0, 100.0, 100.0, 100.0, 100.0, 100.0, 100.0, 100.0, 100.0, 100.0, 100.0, 100.0],