{"step": [1, 100], "train_loss": [5.131358688654639, 1.4998455138868123], "val_loss": [5.093681278694955, 5.811469731751461], "train_acc": [1.2759170653907497, 84.31685273790536], "val_acc": [1.1158342189160468, 2.0456960680127523], "weight_norm": [2195.6653995436104, 2015.3184306914918]}