{"step": [1, 100, 200, 300], "train_loss": [5.189275923229399, 4.306352874859661, 2.8731965045539702, 1.5214234047195538], "val_loss": [5.162471136403261, 4.971645154963138, 5.143240301312599, 4.740693111602102], "train_acc": [0.9141156462585034, 5.5059523809523805, 43.601190476190474, 77.61479591836735], "val_acc": [0.977683315621679, 0.4250797024442083, 2.4442082890541976, 11.26461211477152], "weight_norm": [2196.014295488042, 1854.4315264238976, 1723.617869917769, 1683.8590642279014]}