{"step": [1, 100, 200, 300, 400, 500, 600, 700, 800], "train_loss": [5.014653110047847, 1.0421016516677881, 0.0779040041025619, 0.029637946656636265, 0.011708962796914458, 0.0055015371049863745, 0.09281087872324188, 0.015207797906805643, 0.01240500612882526], "val_loss": [5.015051765725666, 4.929418663162734, 4.802054864313853, 4.583051270050146, 4.392283716313264, 4.27051248256509, 4.410470344308332, 3.978624366168388, 3.7568915566779855], "train_acc": [1.063264221158958, 91.60021265284423, 100.0, 100.0, 100.0, 100.0, 99.94683678894205, 100.0, 100.0], "val_acc": [0.9032943676939427, 6.867693942614241, 14.120616365568544, 18.424548352816153, 22.927736450584487, 25.45164718384697, 23.113708820403826, 28.799149840595113, 31.61530286928799], "weight_norm": [2198.3329331571676, 2035.4210305162705, 1924.1528074434027, 1752.253933799686, 1621.7488844280597, 1526.122661457397, 1503.1573231155053, 1320.8576790937223, 1216.2366769746877]}