{"step": [1, 100, 200, 300, 400, 500, 600, 700, 800, 900, 1000, 1100, 1200, 1300, 1400, 1500, 1600, 1700, 1800, 1900, 2000, 2100, 2200, 2300, 2400, 2500, 2600, 2700, 2800, 2900, 3000, 3100, 3200, 3300, 3400, 3500, 3600, 3700, 3800, 3900, 4000, 4100, 4200, 4300, 4400, 4500, 4600, 4700, 4800, 4900, 5000, 5100, 5200, 5300, 5400, 5500, 5600, 5700, 5800, 5900, 6000, 6100, 6200, 6300, 6400, 6500, 6600, 6700, 6800, 6900, 7000, 7100, 7200, 7300, 7400, 7500, 7600, 7700, 7800, 7900, 8000, 8100, 8200, 8300, 8400, 8500, 8600, 8700, 8800, 8900, 9000, 9100, 9200, 9300, 9400, 9500, 9600, 9700, 9800, 9900, 10000, 10100, 10200, 10300, 10400, 10500, 10600, 10700, 10800, 10900, 11000, 11100, 11200, 11300, 11400, 11500, 11600], "train_loss": [4.979676104174973, 1.3599015377354964, 0.10352407776884802, 0.03483338688105614, 0.014357946072405542, 0.006769879329464399, 0.0240013755299448, 0.020611147497766262, 0.00980757957186742, 0.03236340335681678, 0.02995228146315255, 0.03781441917196352, 0.1349946690771822, 0.03590804449362301, 0.038206098435851626, 0.43151649422369254, 0.04391220007596784, 0.04410430182173555, 0.6439118291519221, 0.04387398617879816, 0.04150651934804719, 0.3965467324223942, 0.04729893738636623, 0.04646244485095611, 0.20165688708891963, 0.043582973551205155, 0.04720692530646722, 0.07457908476241912, 0.8452698435319478, 0.04414759082784049, 0.049317973906026755, 0.1563589247156495, 0.04442739461344142, 0.046537027151137195, 0.07563456647387215, 0.394686295845482, 0.048099101065068345, 0.04752980363552777, 0.05847841675518549, 0.23824721178686536, 0.737842119735077, 0.05219207248555923, 0.052436540635071936, 0.12232764536620834, 0.7963828087360031, 0.053605627722083604, 0.055136918387851584, 0.0807143073966692, 1.0040663009878805, 0.05057085859591754, 0.06836798291203824, 0.32868510544902146, 0.05335243910566915, 0.05353939678997261, 0.17100544574094667, 0.05319533381038749, 0.04777574919437488, 0.06620825788304249, 0.04468887933450199, 0.044567696278808855, 0.05322009081031844, 0.36531328914141414, 0.04531034087323559, 0.04752975496315436, 0.18927055087132633, 0.05219281980929256, 0.049957659699573345, 0.06651901374910184, 0.051414192641814425, 0.051848955575232177, 0.10338793708440283, 0.047068100543430295, 0.0533378282675776, 0.11740025911224707, 0.04414112855626319, 0.04903136866324636, 1.1971441225318564, 0.045345807316327334, 0.09026099797704637, 0.04432019675304001, 0.052887773082840636, 0.0395652622950958, 0.04462244205180791, 0.4592049744203964, 0.04032643027663041, 0.2296890591383614, 0.03916207961995573, 0.06998897879000739, 0.039479429578603675, 0.03894970278864145, 0.06754966342404825, 0.04193155997487727, 0.33950597995269305, 0.04094103255974112, 0.33692008976223997, 0.040614397838862254, 0.13913436800415752, 0.03855889100840851, 0.0635919251510401, 0.03806865424440618, 0.04636023489482095, 0.03734966442345432, 0.042057311135616025, 0.855260286224706, 0.03781982890346594, 0.07142130128251055, 0.03589895239287016, 0.04654988071374726, 0.03345299831798012, 0.040511550578837825, 0.9535236591864368, 0.04230562744465108, 0.07943600051774426, 0.039002909297831574, 0.04730290925483764, 0.035622121678078066, 0.04113953370860382], "val_loss": [4.991862362933589, 5.798047737664802, 6.224677544977916, 6.261139532204769, 6.307738576761341, 6.433859197796974, 6.325399108951581, 6.144437167647035, 6.394754407763101, 6.501728961875664, 6.064278938058332, 6.106016996183, 6.217678933543936, 5.982659107820387, 6.092908577508552, 6.110340471095411, 5.894295638729991, 6.000076277729809, 6.073284542395888, 5.839030185744056, 5.931265398242395, 5.997392741577278, 5.7942899892484725, 5.891062883464233, 5.943815776569557, 5.742847698021138, 5.83339004435524, 5.889522864638682, 5.831423655073143, 5.690361128349993, 5.7804823256197695, 5.811907063888566, 5.606451701408492, 5.61182415726081, 5.635957983424382, 5.589369057342172, 5.383171397745293, 5.365569630540773, 5.317692625915333, 5.133583336403468, 5.105447394181514, 4.914484557132538, 4.859667235809229, 4.795855401552952, 4.6958514709148345, 4.468950456057801, 4.395482483883087, 4.3241270999726025, 4.438872480240436, 3.9790823244263085, 3.884136949918222, 3.711353087146528, 3.54662237866652, 3.4354275451076397, 3.2243922980508186, 3.1791863274244903, 3.030318419307502, 2.8945757129113807, 2.9073344766776947, 2.6812878080686273, 2.4969598524882106, 2.7811655253330274, 2.330371933713096, 2.0782482459365244, 1.9781375037749693, 1.836103408926985, 1.5916984793230273, 1.450588627652078, 1.5341821765798311, 1.2287850374876503, 1.052632825407541, 1.110949347047066, 0.8878911917318573, 0.856699222966031, 0.7736381060512109, 0.6120280064127777, 2.1613581269251045, 0.4296513171302398, 0.3819987634543278, 0.28455792831437116, 0.19673464731506282, 0.1879393469134502, 0.13952881471510267, 0.7935859039663382, 0.10055820392118124, 0.405441020677751, 0.07982290639887454, 0.12561713420369294, 0.07216949594641593, 0.0630170723837063, 0.11373950520433351, 0.06010704896908638, 0.4493190591064194, 0.055516053462256534, 0.4269914089936632, 0.05318923229618863, 0.19081545433506575, 0.04879648981895001, 0.08756738261386007, 0.047011535301978734, 0.060888351213412635, 0.045088045655350885, 0.052532077722417685, 0.9369865320187446, 0.046177566114824965, 0.10128514900977756, 0.044006437348255316, 0.06253085202289059, 0.04018524361974248, 0.05287557327278616, 1.0529435793220934, 0.05276367312156685, 0.10973460616011423, 0.045988857429415206, 0.06195986308909628, 0.041829393343261655, 0.05223445253848523], "train_acc": [0.9037745879851143, 88.19776714513556, 100.0, 100.0, 100.0, 100.0, 100.0, 100.0, 100.0, 100.0, 100.0, 100.0, 100.0, 100.0, 100.0, 97.28867623604465, 100.0, 100.0, 94.15204678362574, 100.0, 100.0, 98.6709197235513, 100.0, 100.0, 99.78734715576822, 100.0, 100.0, 100.0, 87.87878787878788, 100.0, 100.0, 100.0, 100.0, 100.0, 100.0, 98.24561403508771, 100.0, 100.0, 100.0, 99.73418394471027, 89.73950026581605, 100.0, 100.0, 100.0, 89.15470494417863, 100.0, 100.0, 100.0, 85.9117490696438, 100.0, 100.0, 98.03296119085593, 100.0, 100.0, 99.94683678894205, 100.0, 100.0, 100.0, 100.0, 100.0, 100.0, 97.60765550239235, 100.0, 100.0, 99.94683678894205, 100.0, 100.0, 100.0, 100.0, 100.0, 100.0, 100.0, 100.0, 100.0, 100.0, 100.0, 76.50186071238703, 100.0, 100.0, 100.0, 100.0, 100.0, 100.0, 96.96969696969697, 100.0, 99.84051036682615, 100.0, 100.0, 100.0, 100.0, 100.0, 100.0, 98.40510366826156, 100.0, 97.4481658692185, 100.0, 100.0, 100.0, 100.0, 100.0, 100.0, 100.0, 100.0, 85.9117490696438, 100.0, 100.0, 100.0, 100.0, 100.0, 100.0, 82.82828282828282, 100.0, 100.0, 100.0, 100.0, 100.0, 100.0],